지점,지점명,일시,합계 일사량(MJ/m2),위도,경도
90,속초,Apr-24,211.45,38.25085,128.56473
90,속초,May-24,646.8,38.25085,128.56473
90,속초,Jun-24,687.49,38.25085,128.56473
90,속초,Jul-24,498.29,38.25085,128.56473
90,속초,Aug-24,588.88,38.25085,128.56473
90,속초,Sep-24,336.95,38.25085,128.56473
90,속초,Oct-24,291.84,38.25085,128.56473
90,속초,Nov-24,269.69,38.25085,128.56473
93,북춘천,Nov-23,275.53,37.94738,127.75443
93,북춘천,Dec-23,226.19,37.94738,127.75443
93,북춘천,Jan-24,289.42,37.94738,127.75443
93,북춘천,Feb-24,277.25,37.94738,127.75443
93,북춘천,Mar-24,456.76,37.94738,127.75443
93,북춘천,Apr-24,548.13,37.94738,127.75443
93,북춘천,May-24,661.55,37.94738,127.75443
93,북춘천,Jun-24,717.25,37.94738,127.75443
93,북춘천,Jul-24,457.72,37.94738,127.75443
93,북춘천,Aug-24,600.72,37.94738,127.75443
93,북춘천,Sep-24,438.4,37.94738,127.75443
93,북춘천,Oct-24,343.41,37.94738,127.75443
93,북춘천,Nov-24,306.0,37.94738,127.75443
95,철원,Nov-23,263.88,38.14787,127.3042
95,철원,Dec-23,208.16,38.14787,127.3042
95,철원,Jan-24,275.31,38.14787,127.3042
95,철원,Feb-24,270.93,38.14787,127.3042
95,철원,Mar-24,456.37,38.14787,127.3042
95,철원,Apr-24,553.23,38.14787,127.3042
95,철원,May-24,669.74,38.14787,127.3042
95,철원,Jun-24,735.4,38.14787,127.3042
95,철원,Jul-24,448.01,38.14787,127.3042
95,철원,Aug-24,597.5,38.14787,127.3042
95,철원,Sep-24,440.0,38.14787,127.3042
95,철원,Oct-24,338.82,38.14787,127.3042
95,철원,Nov-24,286.9,38.14787,127.3042
98,동두천,Nov-23,265.0,37.90188,127.0607
98,동두천,Dec-23,221.07,37.90188,127.0607
98,동두천,Jan-24,265.52,37.90188,127.0607
98,동두천,Feb-24,262.67,37.90188,127.0607
98,동두천,Mar-24,451.79,37.90188,127.0607
98,동두천,Apr-24,530.61,37.90188,127.0607
98,동두천,May-24,634.12,37.90188,127.0607
98,동두천,Jun-24,700.97,37.90188,127.0607
98,동두천,Jul-24,402.69,37.90188,127.0607
98,동두천,Aug-24,538.98,37.90188,127.0607
98,동두천,Sep-24,415.65,37.90188,127.0607
98,동두천,Oct-24,352.74,37.90188,127.0607
98,동두천,Nov-24,284.53,37.90188,127.0607
99,파주,Nov-23,273.12,37.88589,126.76648
99,파주,Dec-23,220.14,37.88589,126.76648
99,파주,Jan-24,273.26,37.88589,126.76648
99,파주,Feb-24,269.59,37.88589,126.76648
99,파주,Mar-24,471.67,37.88589,126.76648
99,파주,Apr-24,541.26,37.88589,126.76648
99,파주,May-24,636.51,37.88589,126.76648
99,파주,Jun-24,717.99,37.88589,126.76648
99,파주,Jul-24,434.63,37.88589,126.76648
99,파주,Aug-24,598.78,37.88589,126.76648
99,파주,Sep-24,443.05,37.88589,126.76648
99,파주,Oct-24,356.24,37.88589,126.76648
99,파주,Nov-24,290.72,37.88589,126.76648
100,대관령,Nov-23,308.68,37.67713,128.71834
100,대관령,Dec-23,249.41,37.67713,128.71834
100,대관령,Jan-24,301.53,37.67713,128.71834
100,대관령,Feb-24,265.17,37.67713,128.71834
100,대관령,Mar-24,432.38,37.67713,128.71834
100,대관령,Apr-24,530.35,37.67713,128.71834
100,대관령,May-24,573.93,37.67713,128.71834
100,대관령,Jun-24,695.96,37.67713,128.71834
100,대관령,Jul-24,468.15,37.67713,128.71834
100,대관령,Aug-24,596.01,37.67713,128.71834
100,대관령,Sep-24,396.67,37.67713,128.71834
100,대관령,Oct-24,321.05,37.67713,128.71834
100,대관령,Nov-24,274.61,37.67713,128.71834
101,춘천,Nov-23,259.71,37.90262,127.7357
101,춘천,Dec-23,208.82,37.90262,127.7357
101,춘천,Jan-24,258.9,37.90262,127.7357
101,춘천,Feb-24,263.58,37.90262,127.7357
101,춘천,Mar-24,427.33,37.90262,127.7357
101,춘천,Apr-24,531.57,37.90262,127.7357
101,춘천,May-24,659.64,37.90262,127.7357
101,춘천,Jun-24,692.15,37.90262,127.7357
101,춘천,Jul-24,457.84,37.90262,127.7357
101,춘천,Aug-24,603.47,37.90262,127.7357
101,춘천,Sep-24,433.29,37.90262,127.7357
101,춘천,Oct-24,332.01,37.90262,127.7357
101,춘천,Nov-24,290.84,37.90262,127.7357
102,백령도,Nov-23,252.2,37.97396,124.71237
102,백령도,Dec-23,174.06,37.97396,124.71237
102,백령도,Jan-24,241.02,37.97396,124.71237
102,백령도,Feb-24,314.5,37.97396,124.71237
102,백령도,Mar-24,530.97,37.97396,124.71237
102,백령도,Apr-24,622.73,37.97396,124.71237
102,백령도,May-24,681.18,37.97396,124.71237
102,백령도,Jun-24,762.86,37.97396,124.71237
102,백령도,Jul-24,461.47,37.97396,124.71237
102,백령도,Aug-24,630.5,37.97396,124.71237
102,백령도,Sep-24,490.53,37.97396,124.71237
102,백령도,Oct-24,415.35,37.97396,124.71237
102,백령도,Nov-24,286.37,37.97396,124.71237
104,북강릉,Nov-23,326.58,37.80456,128.85535
104,북강릉,Dec-23,247.26,37.80456,128.85535
104,북강릉,Jan-24,289.54,37.80456,128.85535
104,북강릉,Feb-24,221.22,37.80456,128.85535
104,북강릉,Mar-24,460.78,37.80456,128.85535
104,북강릉,Apr-24,525.29,37.80456,128.85535
104,북강릉,May-24,684.93,37.80456,128.85535
104,북강릉,Jun-24,683.17,37.80456,128.85535
104,북강릉,Jul-24,485.8,37.80456,128.85535
104,북강릉,Aug-24,590.04,37.80456,128.85535
104,북강릉,Sep-24,353.92,37.80456,128.85535
104,북강릉,Oct-24,302.46,37.80456,128.85535
104,북강릉,Nov-24,256.63,37.80456,128.85535
105,강릉,Nov-23,303.29,37.75147,128.89099
105,강릉,Dec-23,237.24,37.75147,128.89099
105,강릉,Jan-24,275.84,37.75147,128.89099
105,강릉,Feb-24,204.83,37.75147,128.89099
105,강릉,Mar-24,440.45,37.75147,128.89099
105,강릉,Apr-24,504.13,37.75147,128.89099
105,강릉,May-24,649.98,37.75147,128.89099
105,강릉,Jun-24,618.53,37.75147,128.89099
105,강릉,Jul-24,472.88,37.75147,128.89099
105,강릉,Aug-24,565.58,37.75147,128.89099
105,강릉,Sep-24,343.86,37.75147,128.89099
105,강릉,Oct-24,300.64,37.75147,128.89099
105,강릉,Nov-24,247.54,37.75147,128.89099
106,동해,Apr-24,216.02,37.50709,129.12433
106,동해,May-24,673.75,37.50709,129.12433
106,동해,Jun-24,686.36,37.50709,129.12433
106,동해,Jul-24,496.0,37.50709,129.12433
106,동해,Aug-24,605.86,37.50709,129.12433
106,동해,Sep-24,386.7,37.50709,129.12433
106,동해,Oct-24,306.6,37.50709,129.12433
106,동해,Nov-24,169.29,37.50709,129.12433
108,서울,Nov-23,284.12,37.57142,126.9658
108,서울,Dec-23,217.32,37.57142,126.9658
108,서울,Jan-24,279.71,37.57142,126.9658
108,서울,Feb-24,259.99,37.57142,126.9658
108,서울,Mar-24,438.18,37.57142,126.9658
108,서울,Apr-24,558.15,37.57142,126.9658
108,서울,May-24,686.87,37.57142,126.9658
108,서울,Jun-24,714.52,37.57142,126.9658
108,서울,Jul-24,402.43,37.57142,126.9658
108,서울,Aug-24,507.93,37.57142,126.9658
108,서울,Sep-24,439.21,37.57142,126.9658
108,서울,Oct-24,367.11,37.57142,126.9658
108,서울,Nov-24,293.01,37.57142,126.9658
112,인천,Nov-23,269.37,37.47772,126.6249
112,인천,Dec-23,215.72,37.47772,126.6249
112,인천,Jan-24,271.29,37.47772,126.6249
112,인천,Feb-24,279.37,37.47772,126.6249
112,인천,Mar-24,492.39,37.47772,126.6249
112,인천,Apr-24,561.21,37.47772,126.6249
112,인천,May-24,675.22,37.47772,126.6249
112,인천,Jun-24,741.25,37.47772,126.6249
112,인천,Jul-24,455.02,37.47772,126.6249
112,인천,Aug-24,618.19,37.47772,126.6249
112,인천,Sep-24,459.97,37.47772,126.6249
112,인천,Oct-24,374.1,37.47772,126.6249
112,인천,Nov-24,288.86,37.47772,126.6249
114,원주,Nov-23,286.92,37.33749,127.94659
114,원주,Dec-23,219.52,37.33749,127.94659
114,원주,Jan-24,263.68,37.33749,127.94659
114,원주,Feb-24,256.07,37.33749,127.94659
114,원주,Mar-24,454.8,37.33749,127.94659
114,원주,Apr-24,529.25,37.33749,127.94659
114,원주,May-24,708.13,37.33749,127.94659
114,원주,Jun-24,687.8,37.33749,127.94659
114,원주,Jul-24,434.45,37.33749,127.94659
114,원주,Aug-24,574.45,37.33749,127.94659
114,원주,Sep-24,442.98,37.33749,127.94659
114,원주,Oct-24,346.09,37.33749,127.94659
114,원주,Nov-24,284.88,37.33749,127.94659
115,울릉도,Nov-23,236.98,37.48129,130.89864
115,울릉도,Dec-23,162.08,37.48129,130.89864
115,울릉도,Jan-24,203.56,37.48129,130.89864
115,울릉도,Feb-24,204.73,37.48129,130.89864
115,울릉도,Mar-24,411.99,37.48129,130.89864
115,울릉도,Apr-24,503.87,37.48129,130.89864
115,울릉도,May-24,656.8,37.48129,130.89864
115,울릉도,Jun-24,632.52,37.48129,130.89864
115,울릉도,Jul-24,541.89,37.48129,130.89864
115,울릉도,Aug-24,555.37,37.48129,130.89864
115,울릉도,Sep-24,390.04,37.48129,130.89864
115,울릉도,Oct-24,278.73,37.48129,130.89864
115,울릉도,Nov-24,195.15,37.48129,130.89864
119,수원,Nov-23,276.07,37.25746,126.983
119,수원,Dec-23,216.74,37.25746,126.983
119,수원,Jan-24,265.75,37.25746,126.983
119,수원,Feb-24,245.95,37.25746,126.983
119,수원,Mar-24,472.32,37.25746,126.983
119,수원,Apr-24,551.23,37.25746,126.983
119,수원,May-24,680.16,37.25746,126.983
119,수원,Jun-24,712.7,37.25746,126.983
119,수원,Jul-24,439.49,37.25746,126.983
119,수원,Aug-24,581.56,37.25746,126.983
119,수원,Sep-24,455.02,37.25746,126.983
119,수원,Oct-24,363.49,37.25746,126.983
119,수원,Nov-24,290.06,37.25746,126.983
127,충주,Nov-23,286.64,36.97045,127.9525
127,충주,Dec-23,202.23,36.97045,127.9525
127,충주,Jan-24,238.45,36.97045,127.9525
127,충주,Feb-24,235.03,36.97045,127.9525
127,충주,Mar-24,430.61,36.97045,127.9525
127,충주,Apr-24,528.64,36.97045,127.9525
127,충주,May-24,708.06,36.97045,127.9525
127,충주,Jun-24,682.89,36.97045,127.9525
127,충주,Jul-24,465.56,36.97045,127.9525
127,충주,Aug-24,605.88,36.97045,127.9525
127,충주,Sep-24,460.15,36.97045,127.9525
127,충주,Oct-24,335.21,36.97045,127.9525
127,충주,Nov-24,274.27,36.97045,127.9525
129,서산,Nov-23,254.29,36.77658,126.4939
129,서산,Dec-23,192.09,36.77658,126.4939
129,서산,Jan-24,254.83,36.77658,126.4939
129,서산,Feb-24,255.38,36.77658,126.4939
129,서산,Mar-24,481.26,36.77658,126.4939
129,서산,Apr-24,541.27,36.77658,126.4939
129,서산,May-24,686.56,36.77658,126.4939
129,서산,Jun-24,714.29,36.77658,126.4939
129,서산,Jul-24,452.91,36.77658,126.4939
129,서산,Aug-24,560.22,36.77658,126.4939
129,서산,Sep-24,452.55,36.77658,126.4939
129,서산,Oct-24,361.52,36.77658,126.4939
129,서산,Nov-24,301.0,36.77658,126.4939
131,청주,Nov-23,289.43,36.63924,127.44066
131,청주,Dec-23,212.76,36.63924,127.44066
131,청주,Jan-24,246.33,36.63924,127.44066
131,청주,Feb-24,233.16,36.63924,127.44066
131,청주,Mar-24,471.12,36.63924,127.44066
131,청주,Apr-24,537.51,36.63924,127.44066
131,청주,May-24,728.92,36.63924,127.44066
131,청주,Jun-24,721.63,36.63924,127.44066
131,청주,Jul-24,504.93,36.63924,127.44066
131,청주,Aug-24,615.31,36.63924,127.44066
131,청주,Sep-24,474.92,36.63924,127.44066
131,청주,Oct-24,339.17,36.63924,127.44066
131,청주,Nov-24,297.59,36.63924,127.44066
133,대전,Nov-23,293.28,36.37199,127.3721
133,대전,Dec-23,233.54,36.37199,127.3721
133,대전,Jan-24,258.56,36.37199,127.3721
133,대전,Feb-24,257.65,36.37199,127.3721
133,대전,Mar-24,475.82,36.37199,127.3721
133,대전,Apr-24,540.2,36.37199,127.3721
133,대전,May-24,720.64,36.37199,127.3721
133,대전,Jun-24,697.02,36.37199,127.3721
133,대전,Jul-24,460.51,36.37199,127.3721
133,대전,Aug-24,612.88,36.37199,127.3721
133,대전,Sep-24,485.82,36.37199,127.3721
133,대전,Oct-24,340.01,36.37199,127.3721
133,대전,Nov-24,308.4,36.37199,127.3721
135,추풍령,Nov-23,305.05,36.22025,127.99458
135,추풍령,Dec-23,237.97,36.22025,127.99458
135,추풍령,Jan-24,282.35,36.22025,127.99458
135,추풍령,Feb-24,245.25,36.22025,127.99458
135,추풍령,Mar-24,468.19,36.22025,127.99458
135,추풍령,Apr-24,511.78,36.22025,127.99458
135,추풍령,May-24,709.16,36.22025,127.99458
135,추풍령,Jun-24,683.76,36.22025,127.99458
135,추풍령,Jul-24,478.38,36.22025,127.99458
135,추풍령,Aug-24,631.16,36.22025,127.99458
135,추풍령,Sep-24,451.66,36.22025,127.99458
135,추풍령,Oct-24,305.51,36.22025,127.99458
135,추풍령,Nov-24,292.46,36.22025,127.99458
136,안동,Nov-23,326.52,36.57293,128.70734
136,안동,Dec-23,264.0,36.57293,128.70734
136,안동,Jan-24,304.35,36.57293,128.70734
136,안동,Feb-24,255.71,36.57293,128.70734
136,안동,Mar-24,457.57,36.57293,128.70734
136,안동,Apr-24,542.49,36.57293,128.70734
136,안동,May-24,719.62,36.57293,128.70734
136,안동,Jun-24,686.71,36.57293,128.70734
136,안동,Jul-24,535.42,36.57293,128.70734
136,안동,Aug-24,637.23,36.57293,128.70734
136,안동,Sep-24,478.28,36.57293,128.70734
136,안동,Oct-24,330.36,36.57293,128.70734
136,안동,Nov-24,293.83,36.57293,128.70734
137,상주,Nov-23,313.82,36.40837,128.15741
137,상주,Dec-23,247.08,36.40837,128.15741
137,상주,Jan-24,290.34,36.40837,128.15741
137,상주,Feb-24,256.97,36.40837,128.15741
137,상주,Mar-24,457.3,36.40837,128.15741
137,상주,Apr-24,517.17,36.40837,128.15741
137,상주,May-24,713.2,36.40837,128.15741
137,상주,Jun-24,702.14,36.40837,128.15741
137,상주,Jul-24,500.75,36.40837,128.15741
137,상주,Aug-24,654.82,36.40837,128.15741
137,상주,Sep-24,463.3,36.40837,128.15741
137,상주,Oct-24,338.72,36.40837,128.15741
137,상주,Nov-24,297.12,36.40837,128.15741
138,포항,Nov-23,339.02,36.03201,129.38002
138,포항,Dec-23,267.53,36.03201,129.38002
138,포항,Jan-24,301.4,36.03201,129.38002
138,포항,Feb-24,235.32,36.03201,129.38002
138,포항,Mar-24,461.5,36.03201,129.38002
138,포항,Apr-24,504.71,36.03201,129.38002
138,포항,May-24,724.89,36.03201,129.38002
138,포항,Jun-24,654.9,36.03201,129.38002
138,포항,Jul-24,534.44,36.03201,129.38002
138,포항,Aug-24,650.3,36.03201,129.38002
138,포항,Sep-24,421.33,36.03201,129.38002
138,포항,Oct-24,313.9,36.03201,129.38002
138,포항,Nov-24,258.65,36.03201,129.38002
143,대구,Nov-23,335.24,35.87797,128.65295
143,대구,Dec-23,264.12,35.87797,128.65295
143,대구,Jan-24,311.95,35.87797,128.65295
143,대구,Feb-24,258.08,35.87797,128.65295
143,대구,Mar-24,469.72,35.87797,128.65295
143,대구,Apr-24,511.52,35.87797,128.65295
143,대구,May-24,723.92,35.87797,128.65295
143,대구,Jun-24,644.38,35.87797,128.65295
143,대구,Jul-24,515.32,35.87797,128.65295
143,대구,Aug-24,634.38,35.87797,128.65295
143,대구,Sep-24,454.92,35.87797,128.65295
143,대구,Oct-24,347.7,35.87797,128.65295
143,대구,Nov-24,292.79,35.87797,128.65295
146,전주,Nov-23,269.56,35.84092,127.11718
146,전주,Dec-23,213.67,35.84092,127.11718
146,전주,Jan-24,260.14,35.84092,127.11718
146,전주,Feb-24,248.51,35.84092,127.11718
146,전주,Mar-24,449.55,35.84092,127.11718
146,전주,Apr-24,496.14,35.84092,127.11718
146,전주,May-24,686.79,35.84092,127.11718
146,전주,Jun-24,624.13,35.84092,127.11718
146,전주,Jul-24,474.42,35.84092,127.11718
146,전주,Aug-24,583.89,35.84092,127.11718
146,전주,Sep-24,452.46,35.84092,127.11718
146,전주,Oct-24,343.17,35.84092,127.11718
146,전주,Nov-24,278.32,35.84092,127.11718
152,울산,Nov-23,347.51,35.58237,129.33469
152,울산,Dec-23,277.38,35.58237,129.33469
152,울산,Jan-24,309.49,35.58237,129.33469
152,울산,Feb-24,247.49,35.58237,129.33469
152,울산,Mar-24,481.87,35.58237,129.33469
152,울산,Apr-24,499.0,35.58237,129.33469
152,울산,May-24,711.7,35.58237,129.33469
152,울산,Jun-24,599.66,35.58237,129.33469
152,울산,Jul-24,564.56,35.58237,129.33469
152,울산,Aug-24,654.79,35.58237,129.33469
152,울산,Sep-24,453.19,35.58237,129.33469
152,울산,Oct-24,316.49,35.58237,129.33469
152,울산,Nov-24,289.55,35.58237,129.33469
155,창원,Nov-23,317.48,35.17019,128.57281
155,창원,Dec-23,252.86,35.17019,128.57281
155,창원,Jan-24,292.07,35.17019,128.57281
155,창원,Feb-24,254.16,35.17019,128.57281
155,창원,Mar-24,465.11,35.17019,128.57281
155,창원,Apr-24,475.77,35.17019,128.57281
155,창원,May-24,699.7,35.17019,128.57281
155,창원,Jun-24,589.97,35.17019,128.57281
155,창원,Jul-24,496.09,35.17019,128.57281
155,창원,Aug-24,655.65,35.17019,128.57281
155,창원,Sep-24,484.13,35.17019,128.57281
155,창원,Oct-24,365.67,35.17019,128.57281
155,창원,Nov-24,304.85,35.17019,128.57281
156,광주,Nov-23,293.97,35.17294,126.89156
156,광주,Dec-23,231.34,35.17294,126.89156
156,광주,Jan-24,294.22,35.17294,126.89156
156,광주,Feb-24,277.48,35.17294,126.89156
156,광주,Mar-24,472.09,35.17294,126.89156
156,광주,Apr-24,501.88,35.17294,126.89156
156,광주,May-24,707.88,35.17294,126.89156
156,광주,Jun-24,629.59,35.17294,126.89156
156,광주,Jul-24,451.46,35.17294,126.89156
156,광주,Aug-24,626.66,35.17294,126.89156
156,광주,Sep-24,479.05,35.17294,126.89156
156,광주,Oct-24,387.53,35.17294,126.89156
156,광주,Nov-24,312.84,35.17294,126.89156
159,부산,Nov-23,361.4,35.10468,129.03203
159,부산,Dec-23,298.41,35.10468,129.03203
159,부산,Jan-24,342.85,35.10468,129.03203
159,부산,Feb-24,278.68,35.10468,129.03203
159,부산,Mar-24,507.97,35.10468,129.03203
159,부산,Apr-24,527.18,35.10468,129.03203
159,부산,May-24,743.56,35.10468,129.03203
159,부산,Jun-24,594.02,35.10468,129.03203
159,부산,Jul-24,546.79,35.10468,129.03203
159,부산,Aug-24,707.85,35.10468,129.03203
159,부산,Sep-24,516.15,35.10468,129.03203
159,부산,Oct-24,355.89,35.10468,129.03203
159,부산,Nov-24,322.67,35.10468,129.03203
162,통영,Nov-23,345.67,34.84541,128.43561
162,통영,Dec-23,285.73,34.84541,128.43561
162,통영,Jan-24,320.15,34.84541,128.43561
162,통영,Feb-24,284.05,34.84541,128.43561
162,통영,Mar-24,484.78,34.84541,128.43561
162,통영,Apr-24,485.72,34.84541,128.43561
162,통영,May-24,668.82,34.84541,128.43561
162,통영,Jun-24,575.13,34.84541,128.43561
162,통영,Jul-24,471.63,34.84541,128.43561
162,통영,Aug-24,697.07,34.84541,128.43561
162,통영,Sep-24,498.53,34.84541,128.43561
162,통영,Oct-24,369.05,34.84541,128.43561
162,통영,Nov-24,308.3,34.84541,128.43561
165,목포,Nov-23,285.25,34.81732,126.38151
165,목포,Dec-23,210.27,34.81732,126.38151
165,목포,Jan-24,276.61,34.81732,126.38151
165,목포,Feb-24,256.29,34.81732,126.38151
165,목포,Mar-24,457.33,34.81732,126.38151
165,목포,Apr-24,501.6,34.81732,126.38151
165,목포,May-24,724.54,34.81732,126.38151
165,목포,Jun-24,583.78,34.81732,126.38151
165,목포,Jul-24,519.78,34.81732,126.38151
165,목포,Aug-24,648.68,34.81732,126.38151
165,목포,Sep-24,502.43,34.81732,126.38151
165,목포,Oct-24,359.89,34.81732,126.38151
165,목포,Nov-24,300.49,34.81732,126.38151
168,여수,Nov-23,350.79,34.73929,127.74063
168,여수,Dec-23,281.54,34.73929,127.74063
168,여수,Jan-24,320.5,34.73929,127.74063
168,여수,Feb-24,285.87,34.73929,127.74063
168,여수,Mar-24,497.12,34.73929,127.74063
168,여수,Apr-24,486.56,34.73929,127.74063
168,여수,May-24,722.77,34.73929,127.74063
168,여수,Jun-24,581.78,34.73929,127.74063
168,여수,Jul-24,523.86,34.73929,127.74063
168,여수,Aug-24,704.43,34.73929,127.74063
168,여수,Sep-24,522.19,34.73929,127.74063
168,여수,Oct-24,401.52,34.73929,127.74063
168,여수,Nov-24,321.17,34.73929,127.74063
169,흑산도,Nov-23,232.82,34.68719,125.45105
169,흑산도,Dec-23,178.75,34.68719,125.45105
169,흑산도,Jan-24,239.06,34.68719,125.45105
169,흑산도,Feb-24,258.76,34.68719,125.45105
169,흑산도,Mar-24,467.25,34.68719,125.45105
169,흑산도,Apr-24,545.37,34.68719,125.45105
169,흑산도,May-24,716.08,34.68719,125.45105
169,흑산도,Jun-24,591.6,34.68719,125.45105
169,흑산도,Jul-24,470.47,34.68719,125.45105
169,흑산도,Aug-24,712.84,34.68719,125.45105
169,흑산도,Sep-24,551.38,34.68719,125.45105
169,흑산도,Oct-24,346.82,34.68719,125.45105
169,흑산도,Nov-24,287.94,34.68719,125.45105
170,완도,Mar-24,64.89,34.3959,126.70182
170,완도,Apr-24,486.25,34.3959,126.70182
170,완도,May-24,698.46,34.3959,126.70182
170,완도,Jun-24,548.54,34.3959,126.70182
170,완도,Jul-24,536.04,34.3959,126.70182
170,완도,Aug-24,685.58,34.3959,126.70182
170,완도,Sep-24,489.69,34.3959,126.70182
170,완도,Oct-24,356.12,34.3959,126.70182
170,완도,Nov-24,299.47,34.3959,126.70182
172,고창,Nov-23,283.07,35.34824,126.599
172,고창,Dec-23,194.62,35.34824,126.599
172,고창,Jan-24,283.22,35.34824,126.599
172,고창,Feb-24,266.78,35.34824,126.599
172,고창,Mar-24,467.86,35.34824,126.599
172,고창,Apr-24,528.28,35.34824,126.599
172,고창,May-24,352.75,35.34824,126.599
172,고창,Jun-24,598.6,35.34824,126.599
172,고창,Jul-24,490.57,35.34824,126.599
172,고창,Aug-24,629.01,35.34824,126.599
172,고창,Sep-24,509.28,35.34824,126.599
172,고창,Oct-24,369.46,35.34824,126.599
172,고창,Nov-24,299.75,35.34824,126.599
177,홍성,Nov-23,262.7,36.65759,126.68772
177,홍성,Dec-23,181.53,36.65759,126.68772
177,홍성,Jan-24,248.98,36.65759,126.68772
177,홍성,Feb-24,238.59,36.65759,126.68772
177,홍성,Mar-24,459.36,36.65759,126.68772
177,홍성,Apr-24,519.68,36.65759,126.68772
177,홍성,May-24,663.35,36.65759,126.68772
177,홍성,Jun-24,702.15,36.65759,126.68772
177,홍성,Jul-24,461.43,36.65759,126.68772
177,홍성,Aug-24,576.94,36.65759,126.68772
177,홍성,Sep-24,451.91,36.65759,126.68772
177,홍성,Oct-24,341.06,36.65759,126.68772
177,홍성,Nov-24,278.25,36.65759,126.68772
181,서청주,Nov-23,294.61,36.63994,127.38458
181,서청주,Dec-23,223.0,36.63994,127.38458
181,서청주,Jan-24,260.59,36.63994,127.38458
181,서청주,Feb-24,251.04,36.63994,127.38458
181,서청주,Mar-24,477.89,36.63994,127.38458
181,서청주,Apr-24,536.17,36.63994,127.38458
181,서청주,May-24,714.54,36.63994,127.38458
181,서청주,Jun-24,708.86,36.63994,127.38458
181,서청주,Jul-24,496.45,36.63994,127.38458
181,서청주,Aug-24,648.65,36.63994,127.38458
181,서청주,Sep-24,447.35,36.63994,127.38458
181,서청주,Oct-24,332.83,36.63994,127.38458
181,서청주,Nov-24,298.11,36.63994,127.38458
184,제주,Nov-23,238.2,33.51411,126.52969
184,제주,Dec-23,148.86,33.51411,126.52969
184,제주,Jan-24,176.86,33.51411,126.52969
184,제주,Feb-24,152.32,33.51411,126.52969
184,제주,Mar-24,409.42,33.51411,126.52969
184,제주,Apr-24,417.26,33.51411,126.52969
184,제주,May-24,677.83,33.51411,126.52969
184,제주,Jun-24,477.43,33.51411,126.52969
184,제주,Jul-24,554.79,33.51411,126.52969
184,제주,Aug-24,632.4,33.51411,126.52969
184,제주,Sep-24,442.14,33.51411,126.52969
184,제주,Oct-24,262.58,33.51411,126.52969
184,제주,Nov-24,237.93,33.51411,126.52969
185,고산,Nov-23,291.43,33.29382,126.16283
185,고산,Dec-23,187.1,33.29382,126.16283
185,고산,Jan-24,238.77,33.29382,126.16283
185,고산,Feb-24,214.79,33.29382,126.16283
185,고산,Mar-24,424.11,33.29382,126.16283
185,고산,Apr-24,461.09,33.29382,126.16283
185,고산,May-24,689.65,33.29382,126.16283
185,고산,Jun-24,472.42,33.29382,126.16283
185,고산,Jul-24,509.22,33.29382,126.16283
185,고산,Aug-24,686.08,33.29382,126.16283
185,고산,Sep-24,557.96,33.29382,126.16283
185,고산,Oct-24,391.45,33.29382,126.16283
185,고산,Nov-24,314.95,33.29382,126.16283
189,서귀포,Apr-24,354.18,33.24616,126.5653
189,서귀포,May-24,668.73,33.24616,126.5653
189,서귀포,Jun-24,448.08,33.24616,126.5653
189,서귀포,Jul-24,408.43,33.24616,126.5653
189,서귀포,Aug-24,630.73,33.24616,126.5653
189,서귀포,Sep-24,525.36,33.24616,126.5653
189,서귀포,Oct-24,377.22,33.24616,126.5653
189,서귀포,Nov-24,300.94,33.24616,126.5653
192,진주,Nov-23,347.9,35.16378,128.04004
192,진주,Dec-23,281.75,35.16378,128.04004
192,진주,Jan-24,330.49,35.16378,128.04004
192,진주,Feb-24,282.13,35.16378,128.04004
192,진주,Mar-24,485.03,35.16378,128.04004
192,진주,Apr-24,477.73,35.16378,128.04004
192,진주,May-24,729.93,35.16378,128.04004
192,진주,Jun-24,615.51,35.16378,128.04004
192,진주,Jul-24,510.84,35.16378,128.04004
192,진주,Aug-24,672.37,35.16378,128.04004
192,진주,Sep-24,480.33,35.16378,128.04004
192,진주,Oct-24,373.15,35.16378,128.04004
192,진주,Nov-24,308.49,35.16378,128.04004
216,태백,Apr-24,177.75,37.17038,128.98929
216,태백,May-24,677.7,37.17038,128.98929
216,태백,Jun-24,638.7,37.17038,128.98929
216,태백,Jul-24,474.72,37.17038,128.98929
216,태백,Aug-24,528.49,37.17038,128.98929
216,태백,Sep-24,375.41,37.17038,128.98929
216,태백,Oct-24,180.8,37.17038,128.98929
216,태백,Nov-24,7.07,37.17038,128.98929
235,보령,Mar-24,390.15,36.32724,126.55744
235,보령,Apr-24,515.68,36.32724,126.55744
235,보령,May-24,685.37,36.32724,126.55744
235,보령,Jun-24,675.72,36.32724,126.55744
235,보령,Jul-24,469.05,36.32724,126.55744
235,보령,Aug-24,632.79,36.32724,126.55744
235,보령,Sep-24,491.71,36.32724,126.55744
235,보령,Oct-24,337.34,36.32724,126.55744
235,보령,Nov-24,295.69,36.32724,126.55744
239,세종,Nov-23,285.43,36.48522,127.24438
239,세종,Dec-23,213.06,36.48522,127.24438
239,세종,Jan-24,257.04,36.48522,127.24438
239,세종,Feb-24,250.71,36.48522,127.24438
239,세종,Mar-24,462.96,36.48522,127.24438
239,세종,Apr-24,521.87,36.48522,127.24438
239,세종,May-24,704.92,36.48522,127.24438
239,세종,Jun-24,679.58,36.48522,127.24438
239,세종,Jul-24,474.31,36.48522,127.24438
239,세종,Aug-24,607.05,36.48522,127.24438
239,세종,Sep-24,480.1,36.48522,127.24438
239,세종,Oct-24,314.76,36.48522,127.24438
239,세종,Nov-24,292.93,36.48522,127.24438
245,정읍,Mar-24,59.9,35.56337,126.83904
245,정읍,Apr-24,504.98,35.56337,126.83904
245,정읍,May-24,659.81,35.56337,126.83904
245,정읍,Jun-24,583.89,35.56337,126.83904
245,정읍,Jul-24,414.88,35.56337,126.83904
245,정읍,Aug-24,608.55,35.56337,126.83904
245,정읍,Sep-24,489.44,35.56337,126.83904
245,정읍,Oct-24,346.38,35.56337,126.83904
245,정읍,Nov-24,293.48,35.56337,126.83904
251,고창군,Nov-23,278.41,35.42661,126.697
251,고창군,Dec-23,191.38,35.42661,126.697
251,고창군,Jan-24,260.32,35.42661,126.697
251,고창군,Feb-24,257.1,35.42661,126.697
251,고창군,Mar-24,449.58,35.42661,126.697
251,고창군,Apr-24,509.4,35.42661,126.697
251,고창군,May-24,707.34,35.42661,126.697
251,고창군,Jun-24,607.9,35.42661,126.697
251,고창군,Jul-24,489.46,35.42661,126.697
251,고창군,Aug-24,618.06,35.42661,126.697
251,고창군,Sep-24,476.4,35.42661,126.697
251,고창군,Oct-24,355.14,35.42661,126.697
251,고창군,Nov-24,290.91,35.42661,126.697
252,영광군,Nov-23,264.78,35.28366,126.47784
252,영광군,Dec-23,162.98,35.28366,126.47784
252,영광군,Jan-24,261.24,35.28366,126.47784
252,영광군,Feb-24,248.22,35.28366,126.47784
252,영광군,Mar-24,448.54,35.28366,126.47784
252,영광군,Apr-24,503.34,35.28366,126.47784
252,영광군,May-24,695.0,35.28366,126.47784
252,영광군,Jun-24,583.2,35.28366,126.47784
252,영광군,Jul-24,508.75,35.28366,126.47784
252,영광군,Aug-24,617.4,35.28366,126.47784
252,영광군,Sep-24,509.59,35.28366,126.47784
252,영광군,Oct-24,357.56,35.28366,126.47784
252,영광군,Nov-24,289.52,35.28366,126.47784
253,김해시,Nov-23,334.77,35.22981,128.89075
253,김해시,Dec-23,270.49,35.22981,128.89075
253,김해시,Jan-24,314.89,35.22981,128.89075
253,김해시,Feb-24,261.94,35.22981,128.89075
253,김해시,Mar-24,468.45,35.22981,128.89075
253,김해시,Apr-24,486.81,35.22981,128.89075
253,김해시,May-24,702.43,35.22981,128.89075
253,김해시,Jun-24,561.95,35.22981,128.89075
253,김해시,Jul-24,488.66,35.22981,128.89075
253,김해시,Aug-24,620.25,35.22981,128.89075
253,김해시,Sep-24,448.68,35.22981,128.89075
253,김해시,Oct-24,326.77,35.22981,128.89075
253,김해시,Nov-24,266.87,35.22981,128.89075
254,순창군,Nov-23,301.8,35.37131,127.1286
254,순창군,Dec-23,224.51,35.37131,127.1286
254,순창군,Jan-24,284.2,35.37131,127.1286
254,순창군,Feb-24,263.2,35.37131,127.1286
254,순창군,Mar-24,470.63,35.37131,127.1286
254,순창군,Apr-24,515.2,35.37131,127.1286
254,순창군,May-24,728.5,35.37131,127.1286
254,순창군,Jun-24,603.0,35.37131,127.1286
254,순창군,Jul-24,483.26,35.37131,127.1286
254,순창군,Aug-24,654.37,35.37131,127.1286
254,순창군,Sep-24,513.02,35.37131,127.1286
254,순창군,Oct-24,366.19,35.37131,127.1286
254,순창군,Nov-24,293.83,35.37131,127.1286
255,북창원,Nov-23,324.89,35.22655,128.6726
255,북창원,Dec-23,259.59,35.22655,128.6726
255,북창원,Jan-24,306.99,35.22655,128.6726
255,북창원,Feb-24,265.31,35.22655,128.6726
255,북창원,Mar-24,461.62,35.22655,128.6726
255,북창원,Apr-24,475.91,35.22655,128.6726
255,북창원,May-24,703.11,35.22655,128.6726
255,북창원,Jun-24,540.5,35.22655,128.6726
255,북창원,Jul-24,508.75,35.22655,128.6726
255,북창원,Aug-24,584.22,35.22655,128.6726
255,북창원,Sep-24,434.73,35.22655,128.6726
255,북창원,Oct-24,351.45,35.22655,128.6726
255,북창원,Nov-24,283.41,35.22655,128.6726
257,양산시,Nov-23,335.28,35.30737,129.0201
257,양산시,Dec-23,266.74,35.30737,129.0201
257,양산시,Jan-24,315.34,35.30737,129.0201
257,양산시,Feb-24,263.68,35.30737,129.0201
257,양산시,Mar-24,473.23,35.30737,129.0201
257,양산시,Apr-24,501.9,35.30737,129.0201
257,양산시,May-24,705.42,35.30737,129.0201
257,양산시,Jun-24,578.6,35.30737,129.0201
257,양산시,Jul-24,496.53,35.30737,129.0201
257,양산시,Aug-24,620.82,35.30737,129.0201
257,양산시,Sep-24,452.31,35.30737,129.0201
257,양산시,Oct-24,345.43,35.30737,129.0201
257,양산시,Nov-24,288.01,35.30737,129.0201
258,보성군,Nov-23,340.13,34.76335,127.21226
258,보성군,Dec-23,265.33,34.76335,127.21226
258,보성군,Jan-24,311.39,34.76335,127.21226
258,보성군,Feb-24,275.18,34.76335,127.21226
258,보성군,Mar-24,482.73,34.76335,127.21226
258,보성군,Apr-24,494.12,34.76335,127.21226
258,보성군,May-24,726.84,34.76335,127.21226
258,보성군,Jun-24,594.65,34.76335,127.21226
258,보성군,Jul-24,502.58,34.76335,127.21226
258,보성군,Aug-24,703.18,34.76335,127.21226
258,보성군,Sep-24,532.67,34.76335,127.21226
258,보성군,Oct-24,391.6,34.76335,127.21226
258,보성군,Nov-24,315.32,34.76335,127.21226
259,강진군,Nov-23,271.75,34.64457,126.78408
259,강진군,Dec-23,211.8,34.64457,126.78408
259,강진군,Jan-24,282.71,34.64457,126.78408
259,강진군,Feb-24,254.08,34.64457,126.78408
259,강진군,Mar-24,462.78,34.64457,126.78408
259,강진군,Apr-24,498.41,34.64457,126.78408
259,강진군,May-24,686.83,34.64457,126.78408
259,강진군,Jun-24,568.19,34.64457,126.78408
259,강진군,Jul-24,456.83,34.64457,126.78408
259,강진군,Aug-24,654.58,34.64457,126.78408
259,강진군,Sep-24,501.33,34.64457,126.78408
259,강진군,Oct-24,324.19,34.64457,126.78408
259,강진군,Nov-24,291.36,34.64457,126.78408
261,해남,May-24,0.0,34.55375,126.56907
262,고흥,Mar-24,57.95,34.61826,127.27572
262,고흥,Apr-24,468.44,34.61826,127.27572
262,고흥,May-24,702.17,34.61826,127.27572
262,고흥,Jun-24,540.1,34.61826,127.27572
262,고흥,Jul-24,494.59,34.61826,127.27572
262,고흥,Aug-24,647.29,34.61826,127.27572
262,고흥,Sep-24,453.14,34.61826,127.27572
262,고흥,Oct-24,361.65,34.61826,127.27572
262,고흥,Nov-24,295.4,34.61826,127.27572
263,의령군,Nov-23,356.74,35.32258,128.28812
263,의령군,Dec-23,294.41,35.32258,128.28812
263,의령군,Jan-24,328.07,35.32258,128.28812
263,의령군,Feb-24,289.52,35.32258,128.28812
263,의령군,Mar-24,490.73,35.32258,128.28812
263,의령군,Apr-24,499.24,35.32258,128.28812
263,의령군,May-24,720.43,35.32258,128.28812
263,의령군,Jun-24,622.66,35.32258,128.28812
263,의령군,Jul-24,519.88,35.32258,128.28812
263,의령군,Aug-24,682.67,35.32258,128.28812
263,의령군,Sep-24,471.48,35.32258,128.28812
263,의령군,Oct-24,364.83,35.32258,128.28812
263,의령군,Nov-24,313.83,35.32258,128.28812
264,함양군,Nov-23,324.32,35.51138,127.74538
264,함양군,Dec-23,240.8,35.51138,127.74538
264,함양군,Jan-24,301.52,35.51138,127.74538
264,함양군,Feb-24,268.96,35.51138,127.74538
264,함양군,Mar-24,482.48,35.51138,127.74538
264,함양군,Apr-24,509.7,35.51138,127.74538
264,함양군,May-24,746.14,35.51138,127.74538
264,함양군,Jun-24,658.84,35.51138,127.74538
264,함양군,Jul-24,526.28,35.51138,127.74538
264,함양군,Aug-24,657.58,35.51138,127.74538
264,함양군,Sep-24,454.94,35.51138,127.74538
264,함양군,Oct-24,349.97,35.51138,127.74538
264,함양군,Nov-24,293.47,35.51138,127.74538
266,광양시,Nov-23,335.06,34.9434,127.6914
266,광양시,Dec-23,270.62,34.9434,127.6914
266,광양시,Jan-24,315.8,34.9434,127.6914
266,광양시,Feb-24,280.83,34.9434,127.6914
266,광양시,Mar-24,483.98,34.9434,127.6914
266,광양시,Apr-24,477.01,34.9434,127.6914
266,광양시,May-24,712.45,34.9434,127.6914
266,광양시,Jun-24,571.45,34.9434,127.6914
266,광양시,Jul-24,489.13,34.9434,127.6914
266,광양시,Aug-24,648.08,34.9434,127.6914
266,광양시,Sep-24,499.18,34.9434,127.6914
266,광양시,Oct-24,367.43,34.9434,127.6914
266,광양시,Nov-24,291.14,34.9434,127.6914
276,청송군,Nov-23,342.42,36.4351,129.04005
276,청송군,Dec-23,271.77,36.4351,129.04005
276,청송군,Jan-24,303.46,36.4351,129.04005
276,청송군,Feb-24,253.83,36.4351,129.04005
276,청송군,Mar-24,481.84,36.4351,129.04005
276,청송군,Apr-24,534.23,36.4351,129.04005
276,청송군,May-24,744.17,36.4351,129.04005
276,청송군,Jun-24,662.37,36.4351,129.04005
276,청송군,Jul-24,519.63,36.4351,129.04005
276,청송군,Aug-24,630.1,36.4351,129.04005
276,청송군,Sep-24,451.39,36.4351,129.04005
276,청송군,Oct-24,324.75,36.4351,129.04005
276,청송군,Nov-24,279.68,36.4351,129.04005
283,경주시,Nov-23,351.03,35.8174,129.2009
283,경주시,Dec-23,276.29,35.8174,129.2009
283,경주시,Jan-24,313.39,35.8174,129.2009
283,경주시,Feb-24,243.19,35.8174,129.2009
283,경주시,Mar-24,477.35,35.8174,129.2009
283,경주시,Apr-24,496.79,35.8174,129.2009
283,경주시,May-24,698.03,35.8174,129.2009
283,경주시,Jun-24,634.4,35.8174,129.2009
283,경주시,Jul-24,558.28,35.8174,129.2009
283,경주시,Aug-24,634.75,35.8174,129.2009
283,경주시,Sep-24,414.83,35.8174,129.2009
283,경주시,Oct-24,330.81,35.8174,129.2009
283,경주시,Nov-24,283.35,35.8174,129.2009
296,북부산,Nov-23,235.85,35.21778,128.96024
296,북부산,Dec-23,151.1,35.21778,128.96024
296,북부산,Jan-24,297.57,35.21778,128.96024
296,북부산,Feb-24,230.4,35.21778,128.96024
296,북부산,Mar-24,490.27,35.21778,128.96024
296,북부산,Apr-24,508.06,35.21778,128.96024
296,북부산,May-24,728.51,35.21778,128.96024
296,북부산,Jun-24,581.32,35.21778,128.96024
296,북부산,Jul-24,516.67,35.21778,128.96024
296,북부산,Aug-24,639.9,35.21778,128.96024
296,북부산,Sep-24,469.75,35.21778,128.96024
296,북부산,Oct-24,347.38,35.21778,128.96024
296,북부산,Nov-24,304.38,35.21778,128.96024
